{"cameraMode":{"drawMode":0,"name":"Shaded","section":"Shading Mode"},"sceneLighting":true,"audioPlay":false,"sceneViewState":{"showFog":true,"showMaterialUpdate":false,"showSkybox":true,"showFlares":true,"showImageEffects":true,"showParticleSystems":true},"in2DMode":false,"pivot":{"x":210.80946350097657,"y":-27.094268798828126,"z":126.5085220336914},"rotation":{"x":-0.1300700455904007,"y":0.8176122307777405,"z":-0.20346590876579286,"w":-0.5226792693138123},"size":71.94598388671875,"orthographic":false}